Rank,Ticker,Company,Sector,Location,Date,Weekly_Open,Weekly_Close,Weekly_Percentage,Weekly_Volume,Monthly_Volume,Market_Cap
1,AAPL,Apple Inc.,Information Technology,"Cupertino, California",2023-12-22,196,196,0.17313150861887033,37606421,56404192,$3.07 T
2,MSFT,Microsoft,Information Technology,"Redmond, Washington",2023-12-22,371,373,0.493889018665461,17605696,29335848,$2.79 T
3,GOOGL,Alphabet Inc. (Class A),Communication Services,"Mountain View, California",2023-12-22,136,137,1.1348042501054636,28050140,33717434,$1.77 T
4,GOOG,Alphabet Inc. (Class C),Communication Services,"Mountain View, California",2023-12-22,137,139,1.2263781034545886,21174841,26687330,$1.77 T
5,AMZN,Amazon,Consumer Discretionary,"Seattle, Washington",2023-12-22,152,154,0.9271415960748464,42148338,50890751,$1.59 T
6,NVDA,Nvidia,Information Technology,"Santa Clara, California",2023-12-22,494,498,0.6721763927921592,34562679,39328715,$1.23 T
7,META,Meta Platforms,Communication Services,"Menlo Park, California",2023-12-22,343,349,1.5042976361780807,14701249,17635303,$904.82 B
8,TSLA,"Tesla, Inc.",Consumer Discretionary,"Austin, Texas",2023-12-22,254,255,0.17655693966799405,93690642,115507883,$813.85 B
9,BRK-B,Berkshire Hathaway,Financials,"Omaha, Nebraska",2023-12-22,359,360,0.2085090221979472,2925553,3734215,$786.93 B
10,LLY,Eli Lilly and Company,Health Care,"Indianapolis, Indiana",2023-12-22,577,579,0.2775247362831894,2084695,3101586,$548.43 B
11,V,Visa Inc.,Financials,"San Francisco, California",2023-12-22,259,259,0.09770757002768204,5505937,5709288,$535.01 B
12,AVGO,Broadcom Inc.,Information Technology,"Palo Alto, California",2023-12-22,1131,1139,0.6670564671992409,3325677,5557132,$529.09 B
13,JPM,JPMorgan Chase,Financials,"New York City, New York",2023-12-22,166,168,0.8221450504000019,7312241,9936012,$489.58 B
14,UNH,UnitedHealth Group,Health Care,"Minnetonka, Minnesota",2023-12-22,525,524,-0.2402484290087432,2744622,3392735,$483.99 B
15,WMT,Walmart,Consumer Staples,"Bentonville, Arkansas",2023-12-22,154,155,0.48532171373305827,6412947,9978466,$418.35 B
16,XOM,ExxonMobil,Energy,"Irving, Texas",2023-12-22,102,102,-0.006500225350234393,15864347,24457372,$411.29 B
17,MA,Mastercard,Financials,"Harrison, New York",2023-12-22,422,425,0.534424466791512,1953378,2761117,$399.14 B
18,JNJ,Johnson & Johnson,Health Care,"New Brunswick, New Jersey",2023-12-22,155,155,0.040681391749218296,5224167,8197857,$374.14 B
19,HD,Home Depot (The),Consumer Discretionary,"Atlanta, Georgia",2023-12-22,352,352,0.04923634828336489,3398352,4329668,$352.12 B
20,PG,Procter & Gamble,Consumer Staples,"Cincinnati, Ohio",2023-12-22,145,145,0.48919170577357685,5266624,7770444,$342.31 B
21,COST,Costco,Consumer Staples,"Issaquah, Washington",2023-12-22,670,674,0.6160232877304704,3590831,2945966,$295.28 B
22,ORCL,Oracle Corporation,Information Technology,"Austin, Texas",2023-12-22,104,105,0.868484982211541,8910290,16141912,$290.84 B
23,CVX,Chevron Corporation,Energy,"San Ramon, California",2023-12-22,150,151,0.24727229018204405,7938337,12644320,$288.10 B
24,ADBE,Adobe Inc.,Information Technology,"San Jose, California",2023-12-22,597,603,1.0512024340638502,3515242,4124840,$276.47 B
25,ABBV,AbbVie,Health Care,"North Chicago, Illinois",2023-12-22,153,153,0.004343278557777084,3994324,6213928,$271.31 B
26,MRK,Merck & Co.,Health Care,"Kenilworth, New Jersey",2023-12-22,106,106,0.003129640408626219,7953194,10160154,$270.89 B
27,BAC,Bank of America,Financials,"Charlotte, North Carolina",2023-12-22,33,33,0.5043957985445022,32979863,47422632,$266.57 B
28,CRM,Salesforce,Information Technology,"San Francisco, California",2023-12-22,262,264,0.6874608374881184,4648592,7124285,$256.00 B
29,KO,Coca-Cola Company (The),Consumer Staples,"Atlanta, Georgia",2023-12-22,58,58,-0.1503094589324645,12006290,17652836,$251.75 B
30,PEP,PepsiCo,Consumer Staples,"Purchase, New York",2023-12-22,167,167,0.18109165430677596,3872058,5966374,$229.14 B
31,AMD,Advanced Micro Devices,Information Technology,"Santa Clara, California",2023-12-22,138,139,0.32633274017194136,44167891,67452073,$224.60 B
32,NFLX,Netflix,Communication Services,"Los Gatos, California",2023-12-22,485,493,1.614607627467245,4106856,4529220,$218.58 B
33,ACN,Accenture,Information Technology,"Dublin, Ireland",2023-12-22,340,342,0.5725061120345879,2550537,2178281,$215.48 B
34,MCD,McDonald's,Consumer Discretionary,"Chicago, Illinois",2023-12-22,290,290,0.2568836069310635,1763233,3298403,$211.51 B
35,CSCO,Cisco,Information Technology,"San Jose, California",2023-12-22,50,50,0.20610677226588492,14065096,21864120,$204.45 B
36,TMO,Thermo Fisher Scientific,Health Care,"Waltham, Massachusetts",2023-12-22,523,525,0.3369112294439753,1576125,1953203,$204.38 B
37,LIN,Linde plc,Materials,"Guildford, United Kingdom",2023-12-22,411,410,-0.24176969723395267,1175617,2421326,$199.19 B
38,INTC,Intel,Information Technology,"Santa Clara, California",2023-12-22,46,46,0.46253239005739694,24703623,41026409,$196.65 B
39,ABT,Abbott,Health Care,"North Chicago, Illinois",2023-12-22,107,108,0.4202178295395616,3931717,5389984,$188.51 B
40,NKE,"Nike, Inc.",Consumer Discretionary,"Washington County, Oregon",2023-12-22,121,122,0.676676278179106,6145470,7859043,$187.16 B
41,WFC,Wells Fargo,Financials,"San Francisco, California",2023-12-22,49,50,0.21679725386582585,15877711,21738489,$183.35 B
42,CMCSA,Comcast,Communication Services,"Philadelphia, Pennsylvania",2023-12-22,44,44,0.17541285975239615,12757307,21934098,$180.46 B
43,TMUS,T-Mobile US,Communication Services,"Bellevue, Washington",2023-12-22,156,155,-0.1695927436961405,2522301,4670740,$180.35 B
44,INTU,Intuit,Information Technology,"Mountain View, California",2023-12-22,614,621,1.0976323634276848,1103962,1475265,$175.12 B
45,DHR,Danaher Corporation,Health Care,"Washington, D.C.",2023-12-22,228,229,0.395242746601662,2162389,3199503,$171.23 B
46,DIS,Walt Disney,Communication Services,"Burbank, California",2023-12-22,92,93,0.6030256254601536,7121463,10902791,$171.14 B
47,BA,Boeing,Industrials,"Arlington, Virginia",2023-12-22,261,262,0.46816172120508714,4669808,6407679,$159.53 B
48,QCOM,Qualcomm,Information Technology,"San Diego, California",2023-12-22,142,142,0.28369592053222176,5110683,8766773,$158.92 B
49,VZ,Verizon,Communication Services,"New York City, New York",2023-12-22,37,37,0.06647487009843983,15478137,22953585,$158.52 B
50,PFE,Pfizer,Health Care,"New York City, New York",2023-12-22,27,27,1.0195390605848513,52721424,66776390,$158.13 B
51,BX,Blackstone,Financials,"New York City, New York",2023-12-22,127,127,0.08618511901229446,3737612,4391112,$155.84 B
52,TXN,Texas Instruments,Information Technology,"Dallas, Texas",2023-12-22,168,168,-0.0970739043718656,3554063,6317978,$152.91 B
53,CAT,Caterpillar Inc.,Industrials,"Irving, Texas",2023-12-22,288,292,1.2515179980620401,2648773,3443454,$151.42 B
54,MS,Morgan Stanley,Financials,"New York City, New York",2023-12-22,91,91,0.2463172271216724,6622365,9004998,$151.12 B
55,AMGN,Amgen,Health Care,"Thousand Oaks, California",2023-12-22,277,277,-0.21474926227767363,1745042,2689136,$148.77 B
56,IBM,IBM,Information Technology,"Armonk, New York",2023-12-22,161,162,0.14423724933566637,2866353,4935282,$147.72 B
57,UNP,Union Pacific Corporation,Industrials,"Omaha, Nebraska",2023-12-22,241,241,0.07590226170799068,1952913,2845245,$147.11 B
58,PM,Philip Morris International,Consumer Staples,"New York City, New York",2023-12-22,94,94,-0.05284535025021951,3264835,5967172,$145.29 B
59,NOW,ServiceNow,Information Technology,"Santa Clara, California",2023-12-22,703,705,0.16668127185864903,770156,1197221,$144.41 B
60,COP,ConocoPhillips,Energy,"Houston, Texas",2023-12-22,115,116,0.6443255728283915,5281849,8231961,$140.67 B
61,SPGI,S&P Global,Financials,"New York City, New York",2023-12-22,435,435,-0.06422825037765743,880750,1396623,$137.51 B
62,UPS,United Parcel Service,Industrials,"Sandy Springs, Georgia",2023-12-22,160,161,0.22498376938287606,3384660,3883427,$136.50 B
63,GE,General Electric,Industrials,"Boston, Massachusetts",2023-12-22,124,124,0.5498935292194047,3408831,4545036,$136.31 B
64,HON,Honeywell,Industrials,"Charlotte, North Carolina",2023-12-22,204,204,0.43936589631608913,2085332,3218052,$135.32 B
65,AMAT,Applied Materials,Information Technology,"Santa Clara, California",2023-12-22,160,161,0.4562102050381475,3665763,5458162,$134.43 B
66,AXP,American Express,Financials,"New York City, New York",2023-12-22,183,184,0.5259973060028099,2547228,3654211,$134.32 B
67,LOW,Lowe's,Consumer Discretionary,"Mooresville, North Carolina",2023-12-22,224,224,-0.0594102411199182,2497145,3831861,$128.35 B
68,UBER,Uber,Industrials,"San Francisco, California",2023-12-22,61,61,0.2157717708905797,22130320,58892441,$127.55 B
69,NEE,NextEra Energy,Utilities,"Juno Beach, Florida",2023-12-22,61,61,-0.44442019526511145,8406180,12361275,$125.48 B
70,GS,Goldman Sachs,Financials,"New York City, New York",2023-12-22,379,381,0.4868170367995639,1792287,2563369,$125.46 B
71,SCHW,Charles Schwab Corporation,Financials,"Westlake, Texas",2023-12-22,69,69,-0.889920072472156,9209632,12193286,$125.06 B
72,PLD,Prologis,Real Estate,"San Francisco, California",2023-12-22,134,133,-0.5988479394416789,2379829,4586492,$123.53 B
73,BKNG,Booking Holdings,Consumer Discretionary,"Norwalk, Connecticut",2023-12-22,3502,3508,0.1723537750888054,178210,274750,$123.53 B
74,BLK,BlackRock,Financials,"New York City, New York",2023-12-22,803,799,-0.4819914732609158,614598,855230,$119.18 B
75,RTX,RTX Corporation,Industrials,"Waltham, Massachusetts",2023-12-22,81,81,1.0021398528079517,6500861,7462054,$118.80 B
76,T,AT&T,Communication Services,"Dallas, Texas",2023-12-22,16,16,0.06552280867850595,24829003,42945035,$118.51 B
77,ISRG,Intuitive Surgical,Health Care,"Sunnyvale, California",2023-12-22,329,331,0.6466317111417694,1656334,1643538,$116.19 B
78,SYK,Stryker Corporation,Health Care,"Kalamazoo, Michigan",2023-12-22,291,292,0.24979964880537658,1039159,1455941,$111.58 B
79,LMT,Lockheed Martin,Industrials,"Bethesda, Maryland",2023-12-22,446,447,0.30334258036575734,701974,1211772,$111.10 B
80,DE,John Deere,Industrials,"Moline, Illinois",2023-12-22,388,390,0.45801757298430235,1344899,2255320,$110.50 B
81,SBUX,Starbucks,Consumer Discretionary,"Seattle, Washington",2023-12-22,96,96,-0.009327324736561502,5342265,9077171,$109.48 B
82,ELV,Elevance Health,Health Care,"Indianapolis, Indiana",2023-12-22,467,466,-0.1490172717166914,1144788,1211942,$109.32 B
83,MDT,Medtronic,Health Care,"Dublin, Ireland",2023-12-22,82,82,-0.07693966793688334,4600981,6141342,$108.59 B
84,BMY,Bristol Myers Squibb,Health Care,"New York City, New York",2023-12-22,51,51,0.28173654856524355,11210377,16041645,$105.39 B
85,VRTX,Vertex Pharmaceuticals,Health Care,"Cambridge, Massachusetts",2023-12-22,405,404,-0.23859621953031124,1230782,1889830,$104.30 B
86,TJX,TJX Companies,Consumer Discretionary,"Framingham, Massachusetts",2023-12-22,90,90,0.6736277198744289,3448366,5082319,$103.60 B
87,LRCX,Lam Research,Information Technology,"Fremont, California",2023-12-22,773,776,0.45261421258563883,683730,1027029,$102.70 B
88,CVS,CVS Health,Health Care,"Woonsocket, Rhode Island",2023-12-22,75,76,1.194628499554815,7253593,9660809,$100.38 B
89,AMT,American Tower,Real Estate,"Boston, Massachusetts",2023-12-22,211,211,-0.0740135390878161,1535827,2185637,$99.25 B
90,GILD,Gilead Sciences,Health Care,"Foster City, California",2023-12-22,79,79,-0.8087724263945686,4708872,7762847,$98.44 B
91,ADI,Analog Devices,Information Technology,"Wilmington, Massachusetts",2023-12-22,198,197,-0.5631751168970853,2013681,3279141,$97.80 B
92,C,Citigroup,Financials,"New York City, New York",2023-12-22,50,50,0.8883436984388929,15487804,22035642,$97.67 B
93,ADP,Automated Data Processing,Industrials,"Roseland, New Jersey",2023-12-22,234,234,-0.1723863654175276,1085957,1975891,$96.67 B
94,PANW,Palo Alto Networks,Information Technology,"Santa Clara, California",2023-12-22,305,307,0.48185230581735344,2796705,4396446,$96.35 B
95,MDLZ,Mondelez International,Consumer Staples,"Chicago, Illinois",2023-12-22,70,70,0.10589159947590233,4009841,6155704,$96.13 B
96,ETN,Eaton Corporation,Industrials,"Dublin, Ireland",2023-12-22,237,237,-0.06728685736110263,1025858,1636023,$94.82 B
97,MMC,Marsh McLennan,Financials,"New York City, New York",2023-12-22,188,188,0.15770344716694387,1643228,1849562,$92.56 B
98,REGN,Regeneron,Health Care,"Tarrytown, New York",2023-12-22,852,849,-0.3453623330013215,541879,610869,$92.43 B
99,ABNB,Airbnb,Consumer Discretionary,"San Francisco, California",2023-12-22,147,146,-0.6292503748115694,3773074,5718325,$92.41 B
100,PGR,Progressive Corporation,Financials,"Mayfield Village, Ohio",2023-12-22,155,157,0.7204538987436263,1904152,2721707,$92.17 B
101,ZTS,Zoetis,Health Care,"Parsippany, New Jersey",2023-12-22,197,197,-0.21226680277790733,1246731,1894019,$90.75 B
102,CB,Chubb Limited,Financials,"Zurich, Switzerland",2023-12-22,220,220,0.3223301073998853,1276399,2319590,$90.09 B
103,MU,Micron Technology,Information Technology,"Boise, Idaho",2023-12-22,81,81,0.03269117078693117,11740510,12779195,$89.50 B
104,CI,Cigna,Health Care,"Bloomfield, Connecticut",2023-12-22,293,294,0.4703848524850269,1095068,3010954,$87.09 B
105,SNPS,Synopsys,Information Technology,"Sunnyvale, California",2023-12-22,559,559,0.03694581415164347,550551,927057,$85.19 B
106,BSX,Boston Scientific,Health Care,"Marlborough, Massachusetts",2023-12-22,55,55,0.11993100604472584,4874254,5793308,$81.54 B
107,FI,Fiserv,Financials,"Brookfield, Wisconsin",2023-12-22,133,134,0.530984081927135,3129152,3306737,$80.77 B
108,SHW,Sherwin-Williams,Materials,"Cleveland, Ohio",2023-12-22,308,307,-0.25622452448874117,1134128,1772452,$78.57 B
109,KLAC,KLA Corporation,Information Technology,"Milpitas, California",2023-12-22,581,577,-0.6487247863085023,688483,879649,$78.43 B
110,ITW,Illinois Tool Works,Industrials,"Glenview, Illinois",2023-12-22,258,258,0.07281710148603787,588001,981155,$78.28 B
111,SO,Southern Company,Utilities,"Atlanta, Georgia",2023-12-22,71,71,0.02816257901611345,3333707,4700361,$76.85 B
112,SLB,Schlumberger,Energy,"Houston, Texas",2023-12-22,52,52,0.4385443471995997,6421789,10681581,$76.59 B
113,CME,CME Group,Financials,"Chicago, Illinois",2023-12-22,211,212,0.5244048921543868,1352794,2146026,$76.42 B
114,EQIX,Equinix,Real Estate,"Redwood City, California",2023-12-22,810,805,-0.545819547111066,345663,492264,$75.36 B
115,CDNS,Cadence Design Systems,Information Technology,"San Jose, California",2023-12-22,273,274,0.2047049032866943,1022646,1644439,$74.69 B
116,DUK,Duke Energy,Utilities,"Charlotte, North Carolina",2023-12-22,97,96,-0.26428840792643166,2655242,4017400,$74.49 B
117,ANET,Arista Networks,Information Technology,"Santa Clara, California",2023-12-22,237,237,0.04498440507732009,1511385,1800844,$73.40 B
118,MO,Altria,Consumer Staples,"Richmond, Virginia",2023-12-22,41,41,-0.127187928516245,9156367,10464037,$72.40 B
119,EOG,EOG Resources,Energy,"Houston, Texas",2023-12-22,122,122,0.08572428079003566,2551862,3972185,$72.11 B
120,HCA,HCA Healthcare,Health Care,"Nashville, Tennessee",2023-12-22,269,268,-0.49222837234576217,889488,1403099,$71.83 B
121,WM,Waste Management,Industrials,"Houston, Texas",2023-12-22,176,177,0.24708543117217002,1141213,1689739,$71.36 B
122,MCO,Moody's Corporation,Financials,"New York City, New York",2023-12-22,390,389,-0.11527542430518141,545180,868642,$71.10 B
123,ICE,Intercontinental Exchange,Financials,"Atlanta, Georgia",2023-12-22,123,123,0.15661973486123784,1497491,3171555,$70.77 B
124,BDX,Becton Dickinson,Health Care,"Franklin Lakes, New Jersey",2023-12-22,238,239,0.4579831165585256,1273138,1800784,$70.06 B
125,NOC,Northrop Grumman,Industrials,"West Falls Church, Virginia",2023-12-22,463,463,0.13705049653471296,494792,701683,$69.72 B
126,GD,General Dynamics,Industrials,"Falls Church, Virginia",2023-12-22,252,253,0.24126706469596182,554026,1059499,$69.19 B
127,CSX,CSX,Industrials,"Jacksonville, Florida",2023-12-22,34,34,0.7733482101574412,7696387,13412271,$68.56 B
128,PYPL,PayPal,Financials,"San Jose, California",2023-12-22,62,62,0.929307876909289,13509036,17835438,$68.37 B
129,USB,U.S. Bank,Financials,"Minneapolis, Minnesota",2023-12-22,44,43,-1.0325923712643572,7610406,11981937,$67.77 B
130,LULU,Lululemon Athletica,Consumer Discretionary,"Vancouver, Canada",2023-12-22,499,506,1.4157927620762922,945578,2359397,$64.49 B
131,MAR,Marriott International,Consumer Discretionary,"Bethesda, Maryland",2023-12-22,221,221,-0.362886332820726,1176855,1605091,$64.45 B
132,CMG,Chipotle Mexican Grill,Consumer Discretionary,"Newport Beach, California",2023-12-22,2304,2322,0.79125869466877,141498,177687,$64.27 B
133,CL,Colgate-Palmolive,Consumer Staples,"New York City, New York",2023-12-22,77,78,0.3279318388423894,3072282,4455765,$64.15 B
134,TGT,Target Corporation,Consumer Staples,"Minneapolis, Minnesota",2023-12-22,138,138,-0.03848372861340648,2341454,3837995,$63.83 B
135,FDX,FedEx,Industrials,"Memphis, Tennessee",2023-12-22,270,270,0.23309728084851628,6823109,2869032,$63.10 B
136,PNC,PNC Financial Services,Financials,"Pittsburgh, Pennsylvania",2023-12-22,152,153,0.6505721962649387,1939443,2599102,$61.74 B
137,APD,Air Products and Chemicals,Materials,"Allentown, Pennsylvania",2023-12-22,272,271,-0.3604565185947066,986133,1469111,$60.41 B
138,FCX,Freeport-McMoRan,Materials,"Phoenix, Arizona",2023-12-22,41,41,0.2033987957946678,10727879,14942372,$60.33 B
139,PSX,Phillips 66,Energy,"Houston, Texas",2023-12-22,132,133,1.0979089249469831,2303211,3869978,$59.98 B
140,MCK,McKesson,Health Care,"Irving, Texas",2023-12-22,447,448,0.1863279967299758,602907,1046570,$59.70 B
141,AON,Aon,Financials,"London, UK",2023-12-22,305,307,0.6799556297800771,1167111,1230154,$59.38 B
142,MPC,Marathon Petroleum,Energy,"Findlay, Ohio",2023-12-22,152,153,0.9297170072531404,2328568,3708771,$59.16 B
143,NXPI,NXP Semiconductors,Information Technology,"Eindhoven, Netherlands",2023-12-22,230,229,-0.6111209296457629,1526112,2234542,$59.05 B
144,PH,Parker Hannifin,Industrials,"Cleveland, Ohio",2023-12-22,456,457,0.17396893820136733,399504,622952,$59.04 B
145,APH,Amphenol,Information Technology,"Wallingford, Connecticut",2023-12-22,98,98,-0.20276641414285612,1776637,3379079,$58.77 B
146,MMM,3M,Industrials,"Saint Paul, Minnesota",2023-12-22,106,106,-0.328979237610832,2163750,4125231,$58.55 B
147,CHTR,Charter Communications,Communication Services,"Stamford, Connecticut",2023-12-22,384,387,0.7322450137218214,646663,1247482,$57.83 B
148,ROP,Roper Technologies,Information Technology,"Sarasota, Florida",2023-12-22,542,541,-0.18205091661975079,468968,1067873,$57.82 B
149,MNST,Monster Beverage,Consumer Staples,"Corona, California",2023-12-22,55,55,-0.13242714698648678,3177151,5141247,$57.29 B
150,CTAS,Cintas,Industrials,"Mason, Ohio",2023-12-22,562,560,-0.2549310110048911,284270,415923,$57.22 B
151,ORLY,O'Reilly Auto Parts,Consumer Discretionary,"Springfield, Missouri",2023-12-22,959,963,0.4057628940942424,261525,414872,$57.21 B
152,HUM,Humana,Health Care,"Louisville, Kentucky",2023-12-22,460,460,0.03257526526638316,1280226,1671879,$56.38 B
153,ECL,Ecolab,Materials,"Saint Paul, Minnesota",2023-12-22,196,196,0.09156256760791677,699872,1220717,$56.15 B
154,TT,Trane Technologies,Industrials,"Dublin, Ireland",2023-12-22,240,241,0.34517730291229504,670584,1236397,$55.03 B
155,EMR,Emerson Electric,Industrials,"Ferguson, Missouri",2023-12-22,95,95,0.14954197232335764,1437764,3090679,$54.96 B
156,TDG,TransDigm Group,Industrials,"Cleveland, Ohio",2023-12-22,991,993,0.20398174934465244,102746,190419,$54.96 B
157,SPG,Simon Property Group,Real Estate,"Indianapolis, Indiana",2023-12-22,144,145,0.21872699197319473,1013708,1799000,$54.95 B
158,PXD,Pioneer Natural Resources,Energy,"Irving, Texas",2023-12-22,230,230,-0.0065072754758938485,1479904,2529094,$53.96 B
159,OXY,Occidental Petroleum,Energy,"Houston, Texas",2023-12-22,59,60,0.3987307515683454,8339424,12799906,$53.30 B
160,NSC,Norfolk Southern Railway,Industrials,"Atlanta, Georgia",2023-12-22,232,233,0.3527144203356849,658887,1189531,$52.94 B
161,EL,Estée Lauder Companies (The),Consumer Staples,"New York City, New York",2023-12-22,145,146,0.4438247669230534,2384890,3181675,$52.75 B
162,PSA,Public Storage,Real Estate,"Glendale, California",2023-12-22,291,293,0.6530501917291579,550819,1095636,$52.52 B
163,MSI,Motorola Solutions,Information Technology,"Chicago, Illinois",2023-12-22,313,313,0.14576106932275842,694163,810778,$52.03 B
164,RSG,Republic Services,Industrials,"Phoenix, Arizona",2023-12-22,162,163,0.07143408052375584,1061810,1261170,$51.24 B
165,ADSK,Autodesk,Information Technology,"San Francisco, California",2023-12-22,239,238,-0.16996892884731973,1230045,1721000,$51.19 B
166,PCAR,Paccar,Industrials,"Bellevue, Washington",2023-12-22,96,96,0.4140821505930259,1527313,2653940,$50.87 B
167,DHI,DR Horton,Consumer Discretionary,"Arlington, Texas",2023-12-22,149,150,0.19576014475790074,2533447,3464062,$50.47 B
168,CCI,Crown Castle,Real Estate,"Houston, Texas",2023-12-22,113,114,0.4520373807196008,3679556,4687124,$50.21 B
169,WELL,Welltower,Real Estate,"Toledo, Ohio",2023-12-22,90,90,-0.8705054371075546,2019030,3091167,$49.89 B
170,COF,Capital One,Financials,"Tysons Corner, Virginia",2023-12-22,130,130,0.28364822660101485,1998645,3416649,$49.88 B
171,GM,General Motors,Consumer Discretionary,"Detroit, Michigan",2023-12-22,35,35,0.5488715774390341,12087563,23553232,$49.70 B
172,MET,MetLife,Financials,"New York City, New York",2023-12-22,66,66,0.0126257855439768,3782186,4112089,$49.23 B
173,MCHP,Microchip Technology,Information Technology,"Chandler, Arizona",2023-12-22,91,91,-0.4003342750518899,3215874,4899380,$49.17 B
174,TFC,Truist,Financials,"Charlotte, North Carolina",2023-12-22,36,36,0.17117383573114214,7112034,10775229,$48.89 B
175,F,Ford Motor Company,Consumer Discretionary,"Dearborn, Michigan",2023-12-22,11,12,0.3478986889459941,31569703,52338632,$48.42 B
176,AJG,Arthur J. Gallagher & Co.,Financials,"Rolling Meadows, Illinois",2023-12-22,225,225,0.09732496052954762,1159457,1204850,$48.26 B
177,NEM,Newmont,Materials,"Denver, Colorado",2023-12-22,41,41,0.22129357436702718,10871782,14533241,$48.07 B
178,CARR,Carrier Global,Industrials,"Palm Beach Gardens, Florida",2023-12-22,56,56,0.029253005195572085,2710124,4531768,$47.96 B
179,AFL,Aflac,Financials,"Columbus, Georgia",2023-12-22,81,81,0.5535988445718832,1591682,2490912,$47.83 B
180,AIG,American International Group,Financials,"New York City, New York",2023-12-22,66,67,0.37841174571216923,2501486,3925887,$47.54 B
181,CPRT,Copart,Industrials,"Dallas, Texas",2023-12-22,48,48,-0.48024388284835484,3317869,5146386,$46.88 B
182,PAYX,Paychex,Industrials,"Penfield, New York",2023-12-22,127,128,0.5339066042964958,1754085,2102238,$46.78 B
183,SRE,Sempra Energy,Utilities,"San Diego, California",2023-12-22,75,74,-0.6032917573129026,2136727,3757037,$46.77 B
184,VLO,Valero Energy,Energy,"San Antonio, Texas",2023-12-22,132,133,1.157106907691025,3118496,3750302,$46.20 B
185,HLT,Hilton Worldwide,Consumer Discretionary,"Tysons Corner, Virginia",2023-12-22,178,179,0.43536260872696464,1080610,1776709,$45.94 B
186,ROST,Ross Stores,Consumer Discretionary,"Dublin, California",2023-12-22,135,135,0.17462098464618817,1299133,2248754,$45.92 B
187,AZO,AutoZone,Consumer Discretionary,"Memphis, Tennessee",2023-12-22,2640,2646,0.236960280682179,87385,163711,$45.88 B
188,EW,Edwards Lifesciences,Health Care,"Irvine, California",2023-12-22,75,75,-0.7299466818460147,3839073,5767057,$45.80 B
189,HES,Hess Corporation,Energy,"New York City, New York",2023-12-22,146,147,0.28857830967053283,2160488,4499845,$45.60 B
190,KDP,Keurig Dr Pepper,Consumer Staples,"Burlington, Massachusetts",2023-12-22,32,32,0.6666021947598607,4734861,7458166,$45.43 B
191,IDXX,Idexx Laboratories,Health Care,"Westbrook, Maine",2023-12-22,545,544,-0.1738966054325443,313146,620168,$45.38 B
192,ODFL,Old Dominion,Industrials,"Thomasville, North Carolina",2023-12-22,396,401,1.4814891667773997,444267,880508,$44.93 B
193,FTNT,Fortinet,Information Technology,"Sunnyvale, California",2023-12-22,57,57,0.3087333836122814,6744410,6853023,$44.81 B
194,DXCM,Dexcom,Health Care,"San Diego, California",2023-12-22,122,121,-1.160451313645683,2471895,2965608,$44.68 B
195,PCG,PG&E Corporation,Utilities,"San Francisco, California",2023-12-22,17,17,-0.21858918415509979,18626219,22789298,$44.66 B
196,KHC,Kraft Heinz,Consumer Staples,"Chicago, Illinois; Pittsburgh, Pennsylvania",2023-12-22,36,36,-0.11429616246657502,5431197,8439667,$44.25 B
197,STZ,Constellation Brands,Consumer Staples,"Victor, New York",2023-12-22,238,239,0.32795273056004454,875133,1119439,$43.97 B
198,NUE,Nucor,Materials,"Charlotte, North Carolina",2023-12-22,175,176,0.6940632335351105,1398021,1653734,$43.97 B
199,TEL,TE Connectivity,Information Technology,"Schaffhausen, Switzerland",2023-12-22,141,141,-0.04249018720176542,1008853,1449037,$43.89 B
200,MSCI,MSCI,Financials,"New York City, New York",2023-12-22,536,542,1.268232353110706,341959,387749,$43.84 B
201,AEP,American Electric Power,Utilities,"Columbus, Ohio",2023-12-22,82,81,-0.43026366129551435,2180739,3779093,$42.86 B
202,WMB,Williams Companies,Energy,"Tulsa, Oklahoma",2023-12-22,34,34,0.15274448440296837,4238648,7676928,$42.74 B
203,TRV,Travelers Companies (The),Financials,"New York City, New York",2023-12-22,184,185,0.4501745579883646,1130555,1473367,$42.48 B
204,LEN,Lennar,Consumer Discretionary,"Miami, Florida",2023-12-22,148,148,-0.10203665072726183,1787531,2639639,$42.04 B
205,IQV,IQVIA,Health Care,"Durham, North Carolina",2023-12-22,228,228,0.12641474002692837,827343,1109630,$42.00 B
206,O,Realty Income,Real Estate,"San Diego, California",2023-12-22,57,57,-0.03592124960587967,5563129,8150811,$41.67 B
207,DLR,Digital Realty,Real Estate,"Austin, Texas",2023-12-22,133,133,0.38034907166634135,1527484,2463411,$41.54 B
208,GWW,W. W. Grainger,Industrials,"Lake Forest, Illinois",2023-12-22,827,831,0.5066801466710132,159777,231554,$41.30 B
209,A,Agilent Technologies,Health Care,"Santa Clara, California",2023-12-22,138,139,0.5866942062828032,1230678,1911664,$41.24 B
210,KMB,Kimberly-Clark,Consumer Staples,"Irving, Texas",2023-12-22,120,120,0.21915249802777806,1154007,1974137,$40.55 B
211,COR,Cencora,Health Care,"Conshohocken, Pennsylvania",2023-12-22,201,201,-0.17203620703742353,765824,1405464,$40.51 B
212,OKE,ONEOK,Energy,"Tulsa, Oklahoma",2023-12-22,68,68,0.22768067626230898,3475343,5479476,$40.50 B
213,KVUE,Kenvue,Consumer Staples,"Skillman, New Jersey",2023-12-22,21,21,-1.7608887761488965,25669002,26523547,$40.49 B
214,LHX,L3Harris,Industrials,"Melbourne, Florida",2023-12-22,209,210,0.40283795396560207,1343004,1731147,$39.94 B
215,BK,Bank of New York Mellon,Financials,"New York City, New York",2023-12-22,51,51,0.009681360648407468,3269924,4446763,$39.88 B
216,D,Dominion Energy,Utilities,"Richmond, Virginia",2023-12-22,48,47,-0.9645869724171683,4746523,6236200,$39.82 B
217,KMI,Kinder Morgan,Energy,"Houston, Texas",2023-12-22,17,17,-0.1038133364496055,9791168,15176318,$39.39 B
218,CNC,Centene Corporation,Health Care,"St. Louis, Missouri",2023-12-22,74,74,-0.28181832888036623,2577672,3579290,$39.29 B
219,URI,United Rentals,Industrials,"Stamford, Connecticut",2023-12-22,573,572,-0.11285054767221113,577794,790545,$38.90 B
220,DOW,Dow Inc.,Materials,"Midland, Michigan",2023-12-22,54,54,0.16469490237353193,2837487,4602630,$38.64 B
221,ADM,Archer-Daniels-Midland,Consumer Staples,"Chicago, Illinois",2023-12-22,73,72,-1.2557020583409695,4146320,4052102,$38.56 B
222,AMP,Ameriprise Financial,Financials,"Minneapolis, Minnesota",2023-12-22,377,379,0.43267054273592714,336987,581144,$38.43 B
223,CEG,Constellation Energy,Utilities,"Baltimore, Maryland",2023-12-22,119,119,-0.07043972306722636,1107699,2258369,$37.96 B
224,GIS,General Mills,Consumer Staples,"Golden Valley, Minnesota",2023-12-22,65,66,1.1689622907531914,4849973,4537200,$37.93 B
225,AME,Ametek,Industrials,"Berwyn, Pennsylvania",2023-12-22,163,163,0.17344232100984658,489208,1052335,$37.92 B
226,PRU,Prudential Financial,Financials,"Newark, New Jersey",2023-12-22,103,104,0.37455978224129177,2025589,2306933,$37.81 B
227,CTSH,Cognizant,Information Technology,"Teaneck, New Jersey",2023-12-22,75,75,-0.21585808976631957,3976783,3876827,$37.71 B
228,JCI,Johnson Controls,Industrials,"Cork, Ireland",2023-12-22,53,54,1.4662844986531585,7384147,8640625,$37.64 B
229,HSY,Hershey's,Consumer Staples,"Hershey, Pennsylvania",2023-12-22,182,182,0.08052768744923736,1346873,1470592,$37.23 B
230,FAST,Fastenal,Industrials,"Winona, Minnesota",2023-12-22,64,64,0.23971354255263458,2191115,3680885,$37.22 B
231,EA,Electronic Arts,Communication Services,"Redwood City, California",2023-12-22,138,138,-0.14927778655205956,1444024,2031807,$37.15 B
232,SYY,Sysco,Consumer Staples,"Houston, Texas",2023-12-22,73,73,-0.08188904095689868,1840537,3333980,$37.07 B
233,LVS,Las Vegas Sands,Consumer Discretionary,"Las Vegas, Nevada",2023-12-22,48,48,0.7479630907925454,4146549,5796843,$37.05 B
234,OTIS,Otis Worldwide,Industrials,"Farmington, Connecticut",2023-12-22,89,89,-0.13735855619012943,2101902,2362154,$36.71 B
235,BIIB,Biogen,Health Care,"Cambridge, Massachusetts",2023-12-22,250,251,0.4085009685847907,1033297,1346374,$36.63 B
236,YUM,Yum! Brands,Consumer Discretionary,"Louisville, Kentucky",2023-12-22,130,130,0.0038340037834485134,1313327,1816016,$36.61 B
237,ON,ON Semiconductor,Information Technology,"Phoenix, Arizona",2023-12-22,84,84,0.04747393423537472,3963601,6499774,$36.29 B
238,ALL,Allstate,Financials,"Northbrook, Illinois",2023-12-22,138,137,-0.35393571719414085,1250237,1607196,$35.81 B
239,CSGP,CoStar Group,Real Estate,"Washington, D.C.",2023-12-22,88,87,-0.6886955527050126,1321014,2197998,$35.81 B
240,ROK,Rockwell Automation,Industrials,"Milwaukee, Wisconsin",2023-12-22,308,308,0.17300543091664325,434211,859888,$35.62 B
241,IT,Gartner,Information Technology,"Stamford, Connecticut",2023-12-22,447,450,0.628364418281456,488269,556140,$35.56 B
242,FIS,Fidelity National Information Services,Financials,"Jacksonville, Florida",2023-12-22,59,59,0.12254287428229806,4155087,7444434,$35.43 B
243,EXC,Exelon,Utilities,"Chicago, Illinois",2023-12-22,35,35,-0.0712460934865653,14549479,12569332,$35.18 B
244,PPG,PPG Industries,Materials,"Pittsburgh, Pennsylvania",2023-12-22,149,148,-0.12737822702876203,1561707,1973889,$35.07 B
245,BKR,Baker Hughes,Energy,"Houston, Texas",2023-12-22,34,34,0.043802364592449926,4578913,7409718,$35.04 B
246,GEHC,GE HealthCare,Health Care,"Chicago, Illinois",2023-12-22,75,75,0.6829272352671084,1674577,2418394,$34.74 B
247,CMI,Cummins,Industrials,"Columbus, Indiana",2023-12-22,243,243,0.2919134524041781,475137,832947,$34.70 B
248,VRSK,Verisk,Industrials,"Jersey City, New Jersey",2023-12-22,235,236,0.25539914544822967,793283,1057476,$34.33 B
249,XEL,Xcel Energy,Utilities,"Minneapolis, Minnesota",2023-12-22,62,62,-0.09643734657543522,4671216,4906758,$34.24 B
250,MRNA,Moderna,Health Care,"Cambridge, Massachusetts",2023-12-22,87,88,1.151827955682738,4495025,6117757,$34.16 B
251,EXR,Extra Space Storage,Real Estate,"Salt Lake City, Utah",2023-12-22,153,153,0.3528478686217858,966744,1380622,$33.99 B
252,HAL,Halliburton,Energy,"Houston, Texas",2023-12-22,36,36,0.46822035375238535,4900967,7751182,$33.52 B
253,CTVA,Corteva,Materials,"Indianapolis, Indiana",2023-12-22,47,47,0.059781208236096804,4888572,6033774,$33.31 B
254,GPN,Global Payments,Financials,"Atlanta, Georgia",2023-12-22,128,127,-0.2524204287978522,2295864,2771454,$33.22 B
255,VICI,Vici Properties,Real Estate,"New York City, New York",2023-12-22,31,31,0.47775650604026465,5191757,7500925,$32.70 B
256,KR,Kroger,Consumer Staples,"Cincinnati, Ohio",2023-12-22,44,45,0.7204912711209799,4614269,5701480,$32.36 B
257,NDAQ,"Nasdaq, Inc.",Financials,"New York City, New York",2023-12-22,55,55,0.49917416477514376,1753594,2935773,$32.29 B
258,DD,DuPont,Materials,"Wilmington, Delaware",2023-12-22,73,73,0.13321553506672354,2715394,3613206,$31.85 B
259,RCL,Royal Caribbean Group,Consumer Discretionary,"Miami, Florida",2023-12-22,122,122,0.4384393085621556,1944736,2810202,$31.72 B
260,PWR,Quanta Services,Industrials,"Houston, Texas",2023-12-22,215,216,0.31028488867107185,905135,1131948,$31.57 B
261,LYB,LyondellBasell,Materials,"Rotterdam, Netherlands",2023-12-22,96,96,0.4825240591971374,1178735,1938413,$31.46 B
262,ED,Consolidated Edison,Utilities,"New York City, New York",2023-12-22,90,90,-0.0776451040482652,1460902,1996537,$31.07 B
263,IR,Ingersoll Rand,Industrials,"Davidson, North Carolina",2023-12-22,75,75,0.6539428061723591,1623874,2280024,$31.02 B
264,PEG,Public Service Enterprise Group,Utilities,"Newark, New Jersey",2023-12-22,61,61,-0.010788897210285314,1999965,3151828,$30.66 B
265,MLM,Martin Marietta Materials,Materials,"Raleigh, North Carolina",2023-12-22,491,491,0.10994032426358623,194725,343480,$30.40 B
266,CDW,CDW,Information Technology,"Lincolnshire, Illinois",2023-12-22,224,224,0.23501090818108167,620449,1428774,$30.33 B
267,MPWR,Monolithic Power Systems,Information Technology,"Kirkland, Washington",2023-12-22,635,633,-0.31499692735121027,232986,399544,$30.24 B
268,WBD,Warner Bros. Discovery,Communication Services,"New York City, New York",2023-12-22,12,12,0.25205367825649905,14427436,22628392,$30.14 B
269,HPQ,HP Inc.,Information Technology,"Palo Alto, California",2023-12-22,30,30,-0.4818734303827288,8445441,11152708,$30.05 B
270,EFX,Equifax,Industrials,"Atlanta, Georgia",2023-12-22,249,246,-1.1855429447484906,957052,1131908,$30.01 B
271,VMC,Vulcan Materials Company,Materials,"Birmingham, Alabama",2023-12-22,224,223,-0.24231865361165014,491090,684513,$29.72 B
272,DVN,Devon Energy,Energy,"Oklahoma City, Oklahoma",2023-12-22,45,45,0.1425881192708186,8137113,10420102,$29.48 B
273,DLTR,Dollar Tree,Consumer Staples,"Chesapeake, Virginia",2023-12-22,131,132,0.9807643483014088,1735933,2191049,$29.40 B
274,FICO,Fair Isaac,Information Technology,"Bozeman, Montana",2023-12-22,1145,1160,1.2455768744301827,241154,230152,$29.14 B
275,DG,Dollar General,Consumer Staples,"Goodlettsville, Tennessee",2023-12-22,128,128,0.038818226458370485,2460606,4039019,$28.65 B
276,FANG,Diamondback Energy,Energy,"Midland, Texas",2023-12-22,156,157,0.5648018676219159,1324933,2036153,$28.45 B
277,KEYS,Keysight,Information Technology,"Santa Rosa, California",2023-12-22,158,159,0.18451447724545403,1172606,1951612,$28.01 B
278,BF-B,Brown–Forman,Consumer Staples,"Louisville, Kentucky",2023-12-22,58,58,-0.15389902759141094,1265929,2037843,$27.94 B
279,ACGL,Arch Capital Group,Financials,"Hamilton, Bermuda",2023-12-22,74,74,-0.02678462437221616,1439922,1968838,$27.77 B
280,CBRE,CBRE Group,Real Estate,"Dallas, Texas",2023-12-22,91,90,-0.34691401239848546,1721986,1957317,$27.74 B
281,DFS,Discover Financial,Financials,"Riverwoods, Illinois",2023-12-22,107,108,0.7117493642230089,1267292,2512932,$27.59 B
282,TTWO,Take-Two Interactive,Communication Services,"New York City, New York",2023-12-22,159,159,0.08274246904333092,1256773,3277638,$27.20 B
283,AVB,AvalonBay Communities,Real Estate,"Arlington, Virginia",2023-12-22,189,189,0.23589408162868866,625854,958870,$26.98 B
284,XYL,Xylem Inc.,Industrials,"White Plains, New York",2023-12-22,110,111,0.3763259767890611,996257,1431737,$26.92 B
285,SBAC,SBA Communications,Real Estate,"Boca Raton, Florida",2023-12-22,249,248,-0.3913047560879979,438096,822519,$26.89 B
286,EIX,Edison International,Utilities,"Rosemead, California",2023-12-22,70,69,-0.38532418159215504,1641449,2370905,$26.73 B
287,DAL,Delta Air Lines,Industrials,"Atlanta, Georgia",2023-12-22,41,41,-0.44286611518246854,6632123,9847239,$26.53 B
288,WST,West Pharmaceutical Services,Health Care,"Exton, Pennsylvania",2023-12-22,358,357,-0.39940069769691616,244839,437989,$26.47 B
289,MTD,Mettler Toledo,Health Care,"Columbus, Ohio",2023-12-22,1199,1202,0.24342285601611585,105690,148213,$26.47 B
290,ANSS,Ansys,Information Technology,"Canonsburg, Pennsylvania",2023-12-22,298,298,0.2583143910173756,314546,712660,$26.12 B
291,RMD,ResMed,Health Care,"San Diego, California",2023-12-22,171,173,1.1677436252851527,553710,873943,$26.01 B
292,WEC,WEC Energy Group,Utilities,"Milwaukee, Wisconsin",2023-12-22,82,82,-0.38560374678782294,1808279,2231525,$25.99 B
293,AWK,American Water Works,Utilities,"Camden, New Jersey",2023-12-22,131,132,0.26042294596910104,737654,1016218,$25.91 B
294,GLW,Corning Inc.,Information Technology,"Corning, New York",2023-12-22,30,30,-0.049523476644609904,4186532,4740338,$25.90 B
295,FTV,Fortive,Industrials,"Everett, Washington",2023-12-22,72,72,0.12424271711767192,1024629,2081525,$25.51 B
296,WY,Weyerhaeuser,Real Estate,"Seattle, Washington",2023-12-22,33,34,0.9088259607505202,3077219,4360296,$25.34 B
297,APTV,Aptiv,Consumer Discretionary,"Dublin, Ireland",2023-12-22,88,88,0.2985613257407746,1509370,2897155,$25.26 B
298,ZBH,Zimmer Biomet,Health Care,"Warsaw, Indiana",2023-12-22,119,119,0.30173762538741,1466779,1778411,$25.13 B
299,WTW,Willis Towers Watson,Financials,"London, United Kingdom",2023-12-22,238,238,0.2167806133712753,417157,530512,$24.71 B
300,CAH,Cardinal Health,Health Care,"Dublin, Ohio",2023-12-22,101,100,-0.6245049664163951,1691951,2302673,$24.68 B
301,GRMN,Garmin,Consumer Discretionary,"Schaffhausen, Switzerland",2023-12-22,126,127,0.7024595756124881,464660,877063,$24.46 B
302,HIG,Hartford (The),Financials,"Hartford, Connecticut",2023-12-22,80,80,0.37271773774345257,1218097,1740347,$24.33 B
303,CCL,Carnival,Consumer Discretionary,"Miami, Florida",2023-12-22,18,18,0.10139948017378293,21996973,31722079,$24.27 B
304,TROW,T. Rowe Price,Financials,"Baltimore, Maryland",2023-12-22,107,107,0.4804373698921679,1205607,1887321,$24.18 B
305,STT,State Street Corporation,Financials,"Boston, Massachusetts",2023-12-22,77,77,0.11604601993630007,1298860,2414090,$24.08 B
306,RJF,Raymond James,Financials,"St. Petersburg, Florida",2023-12-22,111,113,1.3863615388519763,755753,1195290,$23.91 B
307,FITB,Fifth Third Bank,Financials,"Cincinnati, Ohio",2023-12-22,35,35,-0.6330926694229406,5868979,7222009,$23.83 B
308,ULTA,Ulta Beauty,Consumer Discretionary,"Bolingbrook, Illinois",2023-12-22,489,488,-0.22145903900926803,401534,957093,$23.62 B
309,EQR,Equity Residential,Real Estate,"Chicago, Illinois",2023-12-22,61,61,-0.08390805910360136,1775542,2478080,$23.36 B
310,BR,Broadridge Financial Solutions,Industrials,"Lake Success, New York",2023-12-22,196,197,0.6434782847804619,410387,622711,$23.33 B
311,TSCO,Tractor Supply,Consumer Discretionary,"Brentwood, Tennessee",2023-12-22,216,215,-0.45669249184661426,970282,1294596,$23.06 B
312,MTB,M&T Bank,Financials,"Buffalo, New York",2023-12-22,139,138,-0.7725377994446181,1204846,1298204,$22.95 B
313,DTE,DTE Energy,Utilities,"Detroit, Michigan",2023-12-22,110,110,0.1571509057499219,745398,1482898,$22.87 B
314,CHD,Church & Dwight,Consumer Staples,"Ewing, New Jersey",2023-12-22,92,92,0.12969723339962994,845985,1350594,$22.77 B
315,WAB,Wabtec,Industrials,"Pittsburgh, Pennsylvania",2023-12-22,123,125,1.0902931841220478,713115,945075,$22.73 B
316,ARE,Alexandria Real Estate Equities,Real Estate,"Pasadena, California",2023-12-22,130,129,-0.4089992806001842,1037664,1801166,$22.71 B
317,EBAY,eBay,Consumer Discretionary,"San Jose, California",2023-12-22,42,43,1.7477855157687943,5198387,8517553,$22.63 B
318,ILMN,Illumina,Health Care,"San Diego, California",2023-12-22,134,137,2.0683479808516942,2896220,2918325,$22.63 B
319,WBA,Walgreens Boots Alliance,Consumer Staples,"Deerfield, Illinois",2023-12-22,25,25,0.9309021636440644,9174800,15628015,$22.39 B
320,PHM,PulteGroup,Consumer Discretionary,"Atlanta, Georgia",2023-12-22,102,102,0.42615405077785984,1715187,2501886,$22.36 B
321,NVR,"NVR, Inc.",Consumer Discretionary,"Reston, Virginia",2023-12-22,6887,6916,0.4171602816397341,20889,25106,$22.17 B
322,HWM,Howmet Aerospace,Industrials,"Pittsburgh, Pennsylvania",2023-12-22,53,53,0.46655504632141703,1692311,2397965,$22.07 B
323,HPE,Hewlett Packard Enterprise,Information Technology,"Houston, Texas",2023-12-22,16,16,0.18800576303891278,7787959,14012178,$21.82 B
324,STE,Steris,Health Care,"Dublin, Ireland",2023-12-22,216,217,0.8316222461916699,483342,539772,$21.64 B
325,DOV,Dover Corporation,Industrials,"Downers Grove, Illinois",2023-12-22,152,153,0.2269670774194294,513094,758345,$21.56 B
326,ES,Eversource,Utilities,"Hartford, Connecticut",2023-12-22,61,61,-0.38211231576471005,2412248,2703270,$21.50 B
327,ETR,Entergy,Utilities,"New Orleans, Louisiana",2023-12-22,101,101,0.24386154312289857,1285459,1593467,$21.38 B
328,EXPE,Expedia Group,Consumer Discretionary,"Seattle, Washington",2023-12-22,148,151,1.6555434428550402,1824517,2172716,$21.37 B
329,INVH,Invitation Homes,Real Estate,"Dallas, Texas",2023-12-22,34,34,0.2565337769657647,2440898,3296395,$21.36 B
330,LYV,Live Nation Entertainment,Communication Services,"Beverly Hills, California",2023-12-22,93,93,0.13383775178717183,1211590,2404508,$21.31 B
331,VRSN,Verisign,Information Technology,"Dulles, Virginia",2023-12-22,206,206,-0.30084615735460896,689786,655416,$21.11 B
332,FE,FirstEnergy,Utilities,"Akron, Ohio",2023-12-22,36,36,-0.3296321502535358,2039974,4026585,$21.04 B
333,JBHT,J.B. Hunt,Industrials,"Lowell, Arkansas",2023-12-22,199,199,-0.053407543639818165,645865,783638,$20.80 B
334,ROL,"Rollins, Inc.",Industrials,"Atlanta, Georgia",2023-12-22,42,42,0.6326599181542926,1086784,1828635,$20.78 B
335,MOH,Molina Healthcare,Health Care,"Long Beach, California",2023-12-22,362,359,-0.6951721892959822,257014,392899,$20.67 B
336,VLTO,Veralto,Industrials,"Waltham, Massachusetts",2023-12-22,81,82,1.4938175645495626,1816842,2339185,$20.63 B
337,ALGN,Align Technology,Health Care,"Tempe, Arizona",2023-12-22,261,266,1.9211929957128966,892748,1561269,$20.57 B
338,PTC,PTC,Information Technology,"Boston, Massachusetts",2023-12-22,171,171,0.013563236401142023,535000,874013,$20.53 B
339,BLDR,Builders FirstSource,Industrials,"Irving, Texas",2023-12-22,163,163,-0.12914314873811417,1574638,3642017,$20.48 B
340,IFF,International Flavors & Fragrances,Materials,"New York City, New York",2023-12-22,79,79,-0.07529192454059812,1400477,1785501,$20.38 B
341,TDY,Teledyne Technologies,Information Technology,"Thousand Oaks, California",2023-12-22,427,428,0.21594987037584162,182174,249590,$20.32 B
342,BRO,Brown & Brown,Financials,"Daytona Beach, Florida",2023-12-22,70,70,0.46966961931609225,1281442,1343458,$20.19 B
343,FLT,Fleetcor,Financials,"Atlanta, Georgia",2023-12-22,278,278,-0.06940576852280152,423894,633068,$20.13 B
344,IRM,Iron Mountain,Real Estate,"Boston, Massachusetts",2023-12-22,68,68,0.30683675771701413,876630,1499822,$20.12 B
345,VTR,Ventas,Real Estate,"Chicago, Illinois",2023-12-22,49,49,-0.053758495846980885,1916324,2342320,$20.03 B
346,STLD,Steel Dynamics,Materials,"Fort Wayne, Indiana",2023-12-22,124,122,-1.2103278490140776,1293695,1703086,$19.92 B
347,DRI,Darden Restaurants,Consumer Discretionary,"Orlando, Florida",2023-12-22,165,165,0.2500484395003794,958979,1128706,$19.80 B
348,PPL,PPL Corporation,Utilities,"Allentown, Pennsylvania",2023-12-22,26,26,-0.3594458532850838,5850700,7175258,$19.70 B
349,WAT,Waters Corporation,Health Care,"Milford, Massachusetts",2023-12-22,324,328,0.9810527702986608,345902,506252,$19.69 B
350,BAX,Baxter International,Health Care,"Deerfield, Illinois",2023-12-22,38,38,-0.17239630302198275,2002095,3709644,$19.68 B
351,GPC,Genuine Parts Company,Consumer Discretionary,"Atlanta, Georgia",2023-12-22,138,139,0.26140881471080124,637943,1198181,$19.56 B
352,TRGP,Targa Resources,Energy,"Houston, Texas",2023-12-22,86,86,-0.06552545590299179,940576,1555880,$19.40 B
353,CTRA,Coterra,Energy,"Houston, Texas",2023-12-22,25,25,-0.1885816820363759,4415385,7610091,$19.21 B
354,AXON,Axon Enterprise,Industrials,"Scottsdale, Arizona",2023-12-22,255,256,0.18772565331296362,333370,440857,$19.19 B
355,PFG,Principal Financial Group,Financials,"Des Moines, Iowa",2023-12-22,78,79,0.4277346281171737,926149,1136843,$19.05 B
356,AEE,Ameren,Utilities,"St. Louis, Missouri",2023-12-22,71,71,0.07659499713469586,2517141,2847271,$18.98 B
357,LH,LabCorp,Health Care,"Burlington, North Carolina",2023-12-22,221,222,0.2554949402659193,643617,846673,$18.94 B
358,CBOE,Cboe Global Markets,Financials,"Chicago, Illinois",2023-12-22,175,176,0.32634497879591434,465946,981699,$18.66 B
359,NTAP,NetApp,Information Technology,"San Jose, California",2023-12-22,89,90,0.6772193579381306,1452532,2484835,$18.65 B
360,HBAN,Huntington Bancshares,Financials,"Columbus, Ohio; Detroit, Michigan",2023-12-22,12,12,-0.4161269229652189,14214749,18613389,$18.57 B
361,EXPD,Expeditors International,Industrials,"Seattle, Washington",2023-12-22,126,126,0.555494349709253,1187286,1485741,$18.48 B
362,TSN,Tyson Foods,Consumer Staples,"Springdale, Arkansas",2023-12-22,51,51,-0.05802343642171973,2043664,3067313,$18.32 B
363,ENPH,Enphase,Information Technology,"Fremont, California",2023-12-22,127,131,2.830214516478844,6542490,6632331,$18.27 B
364,K,Kellanova,Consumer Staples,"Chicago, Illinois",2023-12-22,53,53,0.040424545269544636,2040960,2728763,$18.26 B
365,AKAM,Akamai,Information Technology,"Cambridge, Massachusetts",2023-12-22,119,120,0.16115874026739463,928061,1342108,$18.15 B
366,MKC,McCormick & Company,Consumer Staples,"Hunt Valley, Maryland",2023-12-22,67,67,0.4390722264666227,1128399,1562951,$18.15 B
367,CNP,CenterPoint Energy,Utilities,"Houston, Texas",2023-12-22,28,28,-0.3226929714454577,2348267,4858109,$18.13 B
368,COO,CooperCompanies,Health Care,"San Ramon, California",2023-12-22,364,365,0.1653058688140444,243149,353355,$18.12 B
369,WRB,Berkley,Financials,"Greenwich, Connecticut",2023-12-22,70,70,0.16133047083518684,1034506,1436536,$18.11 B
370,FSLR,First Solar,Information Technology,"Tempe, Arizona",2023-12-22,168,169,0.3258247553052622,2502645,3096764,$18.06 B
371,RF,Regions Financial Corporation,Financials,"Birmingham, Alabama",2023-12-22,19,19,-0.31002791640858596,6818911,10599591,$18.02 B
372,SWKS,Skyworks Solutions,Information Technology,"Irvine, California",2023-12-22,111,111,-0.026880496608121696,1085321,1765449,$17.89 B
373,BALL,Ball Corporation,Materials,"Broomfield, Colorado",2023-12-22,57,57,-1.4577084667466313,2131129,2275541,$17.73 B
374,NTRS,Northern Trust,Financials,"Chicago, Illinois",2023-12-22,85,85,-0.06224315719279555,901946,1411269,$17.70 B
375,CLX,Clorox,Consumer Staples,"Oakland, California",2023-12-22,141,142,0.41062672914767334,556349,1079937,$17.67 B
376,LUV,Southwest Airlines,Industrials,"Dallas, Texas",2023-12-22,29,29,1.0152578044135088,6063729,10881565,$17.62 B
377,TYL,Tyler Technologies,Information Technology,"Plano, Texas",2023-12-22,414,416,0.4223312665290761,179854,225236,$17.49 B
378,ALB,Albemarle Corporation,Materials,"Charlotte, North Carolina",2023-12-22,148,147,-0.14070872400960044,1966836,3768062,$17.45 B
379,FDS,FactSet,Financials,"Norwalk, Connecticut",2023-12-22,449,454,1.106748833910434,356754,306231,$17.39 B
380,HUBB,Hubbell Incorporated,Industrials,"Shelton, Connecticut",2023-12-22,324,324,-0.18212911417639416,253791,376414,$17.38 B
381,STX,Seagate Technology,Information Technology,"Dublin, Ireland",2023-12-22,83,83,-0.1035947616355276,1322277,2365188,$17.32 B
382,HRL,Hormel Foods,Consumer Staples,"Austin, Minnesota",2023-12-22,31,31,0.45516925190100516,2194791,2732954,$17.28 B
383,EPAM,EPAM Systems,Information Technology,"Newtown, Pennsylvania",2023-12-22,296,298,0.5530867077604333,477637,511172,$17.24 B
384,OMC,Omnicom Group,Communication Services,"New York City, New York",2023-12-22,86,86,0.015401553726829775,832119,1462329,$17.17 B
385,JBL,Jabil,Information Technology,"St. Petersburg, Florida",2023-12-22,132,131,-0.6040759823935088,1403825,3955034,$17.16 B
386,HOLX,Hologic,Health Care,"Marlborough, Massachusetts",2023-12-22,71,71,-0.21990418440140178,1257219,1916585,$17.07 B
387,ATO,Atmos Energy,Utilities,"Dallas, Texas",2023-12-22,114,114,-0.010162779687708639,606798,1147242,$17.07 B
388,CMS,CMS Energy,Utilities,"Jackson, Michigan",2023-12-22,58,57,-0.389751991986057,1995050,2564650,$16.84 B
389,CE,Celanese,Materials,"Irving, Texas",2023-12-22,151,151,-0.12728829091717384,494347,921593,$16.64 B
390,BBY,Best Buy,Consumer Discretionary,"Richfield, Minnesota",2023-12-22,77,77,-0.13361963732489224,1818770,3195289,$16.56 B
391,WDC,Western Digital,Information Technology,"San Jose, California",2023-12-22,50,50,0.01974513212441568,2600159,5365938,$16.37 B
392,AVY,Avery Dennison,Materials,"Mentor, Ohio",2023-12-22,199,200,0.3869852789977339,264989,400826,$16.30 B
393,TER,Teradyne,Information Technology,"North Reading, Massachusetts",2023-12-22,105,105,0.49044694293533425,1392394,1806891,$16.28 B
394,ESS,Essex Property Trust,Real Estate,"San Mateo, California",2023-12-22,245,245,-0.13078666684920137,377024,520081,$16.28 B
395,J,Jacobs Solutions,Industrials,"Dallas, Texas",2023-12-22,127,128,0.3343604709282535,603177,866096,$16.27 B
396,IEX,IDEX Corporation,Industrials,"Lake Forest, Illinois",2023-12-22,212,213,0.4643415153739611,226573,375152,$16.26 B
397,MAA,Mid-America Apartment Communities,Real Estate,"Memphis, Tennessee",2023-12-22,135,135,-0.08263232859437644,608712,968908,$16.18 B
398,CINF,Cincinnati Financial,Financials,"Fairfield, Ohio",2023-12-22,102,102,0.101176627429641,575117,739397,$16.08 B
399,SYF,Synchrony Financial,Financials,"Stamford, Connecticut",2023-12-22,37,38,0.8070180739197472,3059508,5074078,$15.94 B
400,EQT,EQT,Energy,"Pittsburgh, Pennsylvania",2023-12-22,38,38,-0.4543495839658051,5669346,6739521,$15.77 B
401,TXT,Textron,Industrials,"Providence, Rhode Island",2023-12-22,79,80,0.3930629708515449,910879,1219823,$15.77 B
402,EG,Everest Re,Financials,"Hamilton, Bermuda",2023-12-22,362,363,0.24501940113371692,433261,465998,$15.68 B
403,CFG,Citizens Financial Group,Financials,"Providence, Rhode Island",2023-12-22,33,33,-0.4388176317916648,3921900,6356597,$15.54 B
404,L,Loews Corporation,Financials,"New York City, New York",2023-12-22,68,68,0.5209599776054852,752367,1071604,$15.42 B
405,MAS,Masco,Industrials,"Livonia, Michigan",2023-12-22,68,68,-0.45733309196225164,1253077,1694768,$15.38 B
406,MGM,MGM Resorts,Consumer Discretionary,"Paradise, Nevada",2023-12-22,43,44,1.2945120665904526,3485324,5187290,$15.33 B
407,POOL,Pool Corporation,Consumer Discretionary,"Covington, Louisiana",2023-12-22,392,392,0.05269432859098591,241642,395241,$15.30 B
408,SNA,Snap-on,Industrials,"Kenosha, Wisconsin",2023-12-22,287,288,0.20592565248148065,168861,269199,$15.29 B
409,DGX,Quest Diagnostics,Health Care,"Secaucus, New Jersey",2023-12-22,136,136,-0.11167317894336436,580786,974352,$15.28 B
410,LW,Lamb Weston,Consumer Staples,"Eagle, Idaho",2023-12-22,105,105,0.3582482599973978,1229348,1389970,$15.21 B
411,SWK,Stanley Black & Decker,Industrials,"New Britain, Connecticut",2023-12-22,97,97,-0.26218266405393226,821862,1460612,$15.11 B
412,BG,Bunge Global SA,Consumer Staples,"Chesterfield, Missouri",2023-12-22,104,104,-0.47724861357053927,1245185,1290694,$15.09 B
413,CF,CF Industries,Materials,"Deerfield, Illinois",2023-12-22,77,78,0.4932843949868466,1566173,2302154,$15.06 B
414,GEN,Gen Digital,Information Technology,"Tempe, Arizona",2023-12-22,23,23,0.16532731361377226,2023555,3451438,$14.87 B
415,PODD,Insulet,Health Care,"Acton, Massachusetts",2023-12-22,210,212,0.6604134281979377,639044,890077,$14.80 B
416,LDOS,Leidos,Industrials,"Reston, Virginia",2023-12-22,107,107,-0.18222372274678877,579475,778904,$14.79 B
417,NDSN,Nordson Corporation,Industrials,"Westlake, Ohio",2023-12-22,254,256,0.9281220546177766,194032,289607,$14.76 B
418,BEN,Franklin Templeton,Financials,"San Mateo, California",2023-12-22,29,29,0.5835004316386605,2428665,3409214,$14.76 B
419,PKG,Packaging Corporation of America,Materials,"Lake Forest, Illinois",2023-12-22,164,164,-0.40454710551533135,369535,690394,$14.68 B
420,MRO,Marathon Oil,Energy,"Houston, Texas",2023-12-22,24,24,0.04704280590263425,9050946,10394387,$14.65 B
421,DPZ,Domino's,Consumer Discretionary,"Ann Arbor, Michigan",2023-12-22,405,406,0.3949307073451827,390116,643646,$14.33 B
422,AMCR,Amcor,Materials,"Warmley, Bristol, United Kingdom",2023-12-22,9,9,0.034294337908665026,4737682,9236392,$14.08 B
423,UAL,United Airlines Holdings,Industrials,"Chicago, Illinois",2023-12-22,42,42,-0.31692525900703017,6412198,8352497,$13.97 B
424,FOX,Fox Corporation (Class B),Communication Services,"New York City, New York",2023-12-22,27,27,-0.023995159507973013,1363719,2163116,$13.96 B
425,FOXA,Fox Corporation (Class A),Communication Services,"New York City, New York",2023-12-22,29,29,-0.23424114053025558,2987469,4582291,$13.94 B
426,ZBRA,Zebra Technologies,Information Technology,"Lincolnshire, Illinois",2023-12-22,269,268,-0.5511091682913953,340759,418235,$13.81 B
427,CAG,Conagra Brands,Consumer Staples,"Chicago, Illinois",2023-12-22,29,29,-0.278568319622616,3504045,4289881,$13.79 B
428,NWSA,News Corp (Class A),Communication Services,"New York City, New York",2023-12-22,23,23,0.4034539211135338,1514807,2442486,$13.78 B
429,HST,Host Hotels & Resorts,Real Estate,"Bethesda, Maryland",2023-12-22,19,19,-0.04328519006202771,5481206,8080086,$13.78 B
430,NWS,News Corp (Class B),Communication Services,"New York City, New York",2023-12-22,24,24,0.37863513692595996,546305,926685,$13.77 B
431,KIM,Kimco Realty,Real Estate,"New Hyde Park, New York",2023-12-22,22,22,-0.6454494216771067,4061367,6835825,$13.76 B
432,INCY,Incyte,Health Care,"Wilmington, Delaware",2023-12-22,61,61,-0.8097165991902834,1468371,2540983,$13.72 B
433,KEY,KeyCorp,Financials,"Cleveland, Ohio",2023-12-22,14,14,-0.2326109107842783,11700201,16733713,$13.51 B
434,UDR,"UDR, Inc.",Real Estate,"Highlands Ranch, Colorado",2023-12-22,37,37,-0.20298256062905282,2483238,3341841,$13.37 B
435,TAP,Molson Coors Beverage Company,Consumer Staples,"Chicago, Illinois",2023-12-22,62,61,-0.14496668576302374,1165598,1734601,$13.33 B
436,SJM,J.M. Smucker Company (The),Consumer Staples,"Orrville, Ohio",2023-12-22,123,123,0.5367933897037941,820785,1926654,$13.13 B
437,RVTY,Revvity,Health Care,"Waltham, Massachusetts",2023-12-22,102,104,1.1910945228667231,826446,924581,$13.11 B
438,TRMB,Trimble Inc.,Information Technology,"Westminster, Colorado",2023-12-22,52,52,0.4197927316019763,1315143,1642561,$13.10 B
439,LNT,Alliant Energy,Utilities,"Madison, Wisconsin",2023-12-22,51,51,-0.20218990295511652,1687122,1949312,$13.00 B
440,LKQ,LKQ Corporation,Consumer Discretionary,"Chicago, Illinois",2023-12-22,47,47,1.0065659299552403,1615197,1870380,$12.87 B
441,CPB,Campbell Soup Company,Consumer Staples,"Camden, New Jersey",2023-12-22,43,43,-0.5182139297502113,2343184,3961517,$12.87 B
442,IP,International Paper,Materials,"Memphis, Tennessee",2023-12-22,37,36,-0.7495503348612312,3444196,3260979,$12.76 B
443,VTRS,Viatris,Health Care,"Pittsburgh, Pennsylvania",2023-12-22,10,10,0.8598323742594267,8531216,9526136,$12.72 B
444,IPG,Interpublic Group of Companies (The),Communication Services,"New York City, New York",2023-12-22,32,32,0.1624199004592894,1977197,3966103,$12.64 B
445,AES,AES Corporation,Utilities,"Arlington, Virginia",2023-12-22,19,19,-1.422411819984173,4186477,6595377,$12.59 B
446,REG,Regency Centers,Real Estate,"Jacksonville, Florida",2023-12-22,66,66,-0.38875538842170937,922850,1124795,$12.39 B
447,TECH,Bio-Techne,Health Care,"Minneapolis, Minnesota",2023-12-22,76,76,0.11269478642507513,714563,1330130,$12.27 B
448,CRL,Charles River Laboratories,Health Care,"Wilmington, Massachusetts",2023-12-22,233,234,0.3565857892040464,400631,495254,$12.23 B
449,KMX,CarMax,Consumer Discretionary,"Richmond, Virginia",2023-12-22,75,76,1.2339676843680658,2356139,2251740,$12.20 B
450,JKHY,Jack Henry & Associates,Financials,"Monett, Missouri",2023-12-22,165,165,0.10253513708952083,400163,603398,$12.11 B
451,AOS,A. O. Smith,Industrials,"Milwaukee, Wisconsin",2023-12-22,79,80,0.734224616563314,673307,1072625,$12.08 B
452,MOS,Mosaic Company (The),Materials,"Tampa, Florida",2023-12-22,37,37,-0.5160124805765216,3529298,3879327,$11.98 B
453,PAYC,Paycom,Industrials,"Oklahoma City, Oklahoma",2023-12-22,205,206,0.5915210815212214,516132,886008,$11.96 B
454,EVRG,Evergy,Utilities,"Kansas City, Missouri",2023-12-22,51,51,-0.3343648861434731,1622886,3799805,$11.88 B
455,PNR,Pentair,Industrials,"Worsley, United Kingdom",2023-12-22,71,71,-0.058618568264279976,884263,1445913,$11.85 B
456,TFX,Teleflex,Health Care,"Wayne, Pennsylvania",2023-12-22,254,253,-0.5896911936778686,219837,278048,$11.85 B
457,GL,Globe Life,Financials,"McKinney, Texas",2023-12-22,122,123,0.2412882595978999,370710,654410,$11.59 B
458,BXP,Boston Properties,Real Estate,"Boston, Massachusetts",2023-12-22,71,71,0.016329381418958733,995389,1956789,$11.43 B
459,NRG,NRG Energy,Utilities,"Houston, Texas",2023-12-22,49,49,0.9667415748882018,2883497,3247752,$11.29 B
460,APA,APA Corporation,Energy,"Houston, Texas",2023-12-22,35,35,0.06027525819162718,3847687,4367099,$11.10 B
461,WRK,WestRock,Materials,"Atlanta, Georgia",2023-12-22,43,43,-0.09268768475368022,2299846,2936436,$11.09 B
462,NI,NiSource,Utilities,"Merrillville, Indiana",2023-12-22,26,26,-0.12580246793014105,3786990,5126130,$10.95 B
463,PEAK,Healthpeak,Real Estate,"Long Beach, California",2023-12-22,19,19,0.5171249704018107,3892200,5921292,$10.93 B
464,MKTX,MarketAxess,Financials,"New York City, New York",2023-12-22,282,283,0.13494950471516928,229897,403427,$10.83 B
465,QRVO,Qorvo,Information Technology,"Greensboro, North Carolina",2023-12-22,111,111,-0.1119346815779261,1065328,1341413,$10.82 B
466,ALLE,Allegion,Industrials,"Dublin, Ireland",2023-12-22,118,119,0.9132198808283526,704832,971684,$10.74 B
467,FFIV,"F5, Inc.",Information Technology,"Seattle, Washington",2023-12-22,178,179,0.11549404059618938,274297,531782,$10.67 B
468,CDAY,Ceridian,Industrials,"Minneapolis, Minnesota",2023-12-22,68,68,-0.4966424608538396,928987,1310541,$10.63 B
469,CPT,Camden Property Trust,Real Estate,"Houston, Texas",2023-12-22,99,98,-0.3192301272144286,1137227,1075292,$10.54 B
470,EMN,Eastman Chemical Company,Materials,"Kingsport, Tennessee",2023-12-22,88,88,-0.30444169210944155,827129,1063957,$10.51 B
471,CZR,Caesars Entertainment,Consumer Discretionary,"Reno, Nevada",2023-12-22,48,48,-0.21401281453871346,2599588,4578705,$10.40 B
472,UHS,Universal Health Services,Health Care,"King of Prussia, Pennsylvania",2023-12-22,150,150,0.1152406835390877,367386,497206,$10.30 B
473,WYNN,Wynn Resorts,Consumer Discretionary,"Paradise, Nevada",2023-12-22,90,90,0.539481616705456,1496278,2075801,$10.30 B
474,PARA,Paramount Global,Communication Services,"New York City, New York",2023-12-22,15,15,-1.7950881668199155,13992340,20225395,$10.29 B
475,ETSY,Etsy,Consumer Discretionary,"New York City, New York",2023-12-22,84,85,1.7554274186445185,4977331,5900113,$10.26 B
476,HII,Huntington Ingalls Industries,Industrials,"Newport News, Virginia",2023-12-22,255,256,0.4749141425219645,168316,343988,$10.21 B
477,CHRW,CH Robinson,Industrials,"Eden Prairie, Minnesota",2023-12-22,84,85,0.26653281784595584,1038218,1371997,$9.99 B
478,BBWI,"Bath & Body Works, Inc.",Consumer Discretionary,"Columbus, Ohio",2023-12-22,41,42,1.4203659418518622,2121952,3795666,$9.75 B
479,HSIC,Henry Schein,Health Care,"Melville, New York",2023-12-22,74,74,-0.32072683663565815,974476,1343167,$9.67 B
480,DVA,DaVita Inc.,Health Care,"Denver, Colorado",2023-12-22,106,106,-0.18450308195037493,560228,985267,$9.66 B
481,MTCH,Match Group,Communication Services,"Dallas, Texas",2023-12-22,34,34,0.9043139387415501,4354056,6797792,$9.54 B
482,RL,Ralph Lauren Corporation,Consumer Discretionary,"New York City, New York",2023-12-22,143,145,1.666588756589933,815809,794536,$9.53 B
483,JNPR,Juniper Networks,Information Technology,"Sunnyvale, California",2023-12-22,29,29,0.23321948190638142,2138282,3600719,$9.37 B
484,AAL,American Airlines Group,Industrials,"Fort Worth, Texas",2023-12-22,14,14,-0.26738136289349296,20102868,36458476,$9.37 B
485,RHI,Robert Half,Industrials,"Menlo Park, California",2023-12-22,87,87,0.08200624505740386,460956,723339,$9.30 B
486,BIO,Bio-Rad,Health Care,"Hercules, California",2023-12-22,311,312,0.2204134393586966,294793,331854,$9.09 B
487,AIZ,Assurant,Financials,"Atlanta, Georgia",2023-12-22,165,166,0.8081865367768458,287284,443546,$8.79 B
488,NCLH,Norwegian Cruise Line Holdings,Consumer Discretionary,"Miami, Florida",2023-12-22,20,20,0.04892479907830145,9614923,16759375,$8.66 B
489,FRT,Federal Realty,Real Estate,"Rockville, Maryland",2023-12-22,104,104,-0.2860119813523453,363096,603801,$8.64 B
490,TPR,"Tapestry, Inc.",Consumer Discretionary,"New York City, New York",2023-12-22,36,36,0.8674497032649288,2624881,3868406,$8.51 B
491,BWA,BorgWarner,Consumer Discretionary,"Auburn Hills, Michigan",2023-12-22,35,35,0.3985936775150518,1529104,2812605,$8.39 B
492,PNW,Pinnacle West,Utilities,"Phoenix, Arizona",2023-12-22,72,72,-0.8679407626369209,745662,1064085,$8.15 B
493,GNRC,Generac,Industrials,"Waukesha, Wisconsin",2023-12-22,129,130,0.8467400973578,616783,1145013,$8.06 B
494,CTLT,Catalent,Health Care,"Somerset, New Jersey",2023-12-22,42,43,1.5999981037621416,1723736,2146926,$8.00 B
495,IVZ,Invesco,Financials,"Atlanta, Georgia",2023-12-22,17,17,-0.10474253463348814,2856713,6358773,$7.87 B
496,FMC,FMC Corporation,Materials,"Philadelphia, Pennsylvania",2023-12-22,60,60,0.022171341736014576,1412685,1873326,$7.56 B
497,XRAY,Dentsply Sirona,Health Care,"Charlotte, North Carolina",2023-12-22,34,34,-0.043501192180471215,2092362,3043220,$7.33 B
498,CMA,Comerica,Financials,"Dallas, Texas",2023-12-22,55,55,0.08755008978311406,1193130,2536467,$7.30 B
499,VFC,VF Corporation,Consumer Discretionary,"Denver, Colorado",2023-12-22,18,18,-0.45584745384473147,8357178,7572195,$7.23 B
500,HAS,Hasbro,Consumer Discretionary,"Pawtucket, Rhode Island",2023-12-22,51,51,0.6829732446648159,1566452,2120462,$7.13 B
501,MHK,Mohawk Industries,Consumer Discretionary,"Calhoun, Georgia",2023-12-22,104,104,-0.40499924601398324,483167,1036058,$6.67 B
502,WHR,Whirlpool Corporation,Consumer Discretionary,"Benton Harbor, Michigan",2023-12-22,119,118,-0.09764813176722864,445823,1001151,$6.53 B
503,ZION,Zions Bancorporation,Financials,"Salt Lake City, Utah",2023-12-22,43,43,-0.6319461058269802,1506226,2814386,$6.44 B
